<?xml version="1.0" encoding="UTF-8"?>
<project-private xmlns="http://www.netbeans.org/ns/project-private/1">
    <editor-bookmarks xmlns="http://www.netbeans.org/ns/editor-bookmarks/2" lastBookmarkId="0"/>
    <open-files xmlns="http://www.netbeans.org/ns/projectui-open-files/2">
        <group>
            <file>file:/Users/thinhle/NetBeansProjects/DoAnCoSoMang/src/MangMayTinh/Chess/Connection/Client/Main.java</file>
            <file>file:/Users/thinhle/NetBeansProjects/DoAnCoSoMang/src/MangMayTinh/Chess/Connection/Client/Client.java</file>
            <file>file:/Users/thinhle/NetBeansProjects/DoAnCoSoMang/src/MangMayTinh/Chess/Model/Move.java</file>
            <file>file:/Users/thinhle/NetBeansProjects/DoAnCoSoMang/src/MangMayTinh/Chess/Connection/Server/Player.java</file>
            <file>file:/Users/thinhle/NetBeansProjects/DoAnCoSoMang/src/HeDieuHanh/ProcessUI.java</file>
            <file>file:/Users/thinhle/NetBeansProjects/DoAnCoSoMang/src/MangMayTinh/Chess/Connection/Server/Server.java</file>
            <file>file:/Users/thinhle/NetBeansProjects/DoAnCoSoMang/src/MangMayTinh/Chess/Model/Chessboard.java</file>
            <file>file:/Users/thinhle/NetBeansProjects/DoAnCoSoMang/src/MangMayTinh/Chess/Model/Enum/MessageType.java</file>
            <file>file:/Users/thinhle/NetBeansProjects/DoAnCoSoMang/src/MangMayTinh/Chess/Connection/Server/Match.java</file>
        </group>
    </open-files>
</project-private>
